{
    "name": "root",
    "metadata": {
        "timer_format_version": "0.1.0",
        "start_time_seconds": "1732206104",
        "python_version": "3.9.13 (tags/v3.9.13:6de2ca5, May 17 2022, 16:36:42) [MSC v.1929 64 bit (AMD64)]",
        "command_line_arguments": "C:\\Users\\temuj\\AliUjinAyane\\MLvenv\\Scripts\\mlagents-learn --force C:\\Users\\temuj\\AliUjinAyane\\trainingfile\\training1.yaml --run-id =MoreMovement348",
        "mlagents_version": "0.30.0",
        "mlagents_envs_version": "0.30.0",
        "communication_protocol_version": "1.5.0",
        "pytorch_version": "2.5.1+cpu",
        "numpy_version": "1.21.2",
        "end_time_seconds": "1732206241"
    },
    "total": 136.7791091,
    "count": 1,
    "self": 0.017513899999983096,
    "children": {
        "run_training.setup": {
            "total": 0.20481240000000067,
            "count": 1,
            "self": 0.20481240000000067
        },
        "TrainerController.start_learning": {
            "total": 136.5567828,
            "count": 1,
            "self": 0.02258569999997917,
            "children": {
                "TrainerController._reset_env": {
                    "total": 19.8512345,
                    "count": 1,
                    "self": 19.8512345
                },
                "TrainerController.advance": {
                    "total": 116.25600520000002,
                    "count": 305,
                    "self": 0.01902619999991373,
                    "children": {
                        "env_step": {
                            "total": 103.20372470000004,
                            "count": 305,
                            "self": 102.27991039999996,
                            "children": {
                                "SubprocessEnvManager._take_step": {
                                    "total": 0.9143634000000525,
                                    "count": 305,
                                    "self": 0.04004460000002652,
                                    "children": {
                                        "TorchPolicy.evaluate": {
                                            "total": 0.8743188000000259,
                                            "count": 151,
                                            "self": 0.8743188000000259
                                        }
                                    }
                                },
                                "workers": {
                                    "total": 0.009450900000022244,
                                    "count": 304,
                                    "self": 0.0,
                                    "children": {
                                        "worker_root": {
                                            "total": 31.944003499999923,
                                            "count": 304,
                                            "is_parallel": true,
                                            "self": 19.564195999999995,
                                            "children": {
                                                "steps_from_proto": {
                                                    "total": 0.007779799999999781,
                                                    "count": 1,
                                                    "is_parallel": true,
                                                    "self": 0.0026086999999996863,
                                                    "children": {
                                                        "_process_rank_one_or_two_observation": {
                                                            "total": 0.005171100000000095,
                                                            "count": 2,
                                                            "is_parallel": true,
                                                            "self": 0.005171100000000095
                                                        }
                                                    }
                                                },
                                                "UnityEnvironment.step": {
                                                    "total": 12.372027699999926,
                                                    "count": 304,
                                                    "is_parallel": true,
                                                    "self": 0.14372389999982005,
                                                    "children": {
                                                        "UnityEnvironment._generate_step_input": {
                                                            "total": 0.25366440000004786,
                                                            "count": 304,
                                                            "is_parallel": true,
                                                            "self": 0.25366440000004786
                                                        },
                                                        "communicator.exchange": {
                                                            "total": 11.647120000000005,
                                                            "count": 304,
                                                            "is_parallel": true,
                                                            "self": 11.647120000000005
                                                        },
                                                        "steps_from_proto": {
                                                            "total": 0.3275194000000532,
                                                            "count": 304,
                                                            "is_parallel": true,
                                                            "self": 0.15348400000007345,
                                                            "children": {
                                                                "_process_rank_one_or_two_observation": {
                                                                    "total": 0.17403539999997975,
                                                                    "count": 608,
                                                                    "is_parallel": true,
                                                                    "self": 0.17403539999997975
                                                                }
                                                            }
                                                        }
                                                    }
                                                }
                                            }
                                        }
                                    }
                                }
                            }
                        },
                        "trainer_advance": {
                            "total": 13.033254300000063,
                            "count": 304,
                            "self": 0.028200300000083445,
                            "children": {
                                "process_trajectory": {
                                    "total": 2.4452245999999818,
                                    "count": 304,
                                    "self": 2.4452245999999818
                                },
                                "_update_policy": {
                                    "total": 10.559829399999998,
                                    "count": 2,
                                    "self": 6.161905099999984,
                                    "children": {
                                        "TorchPPOOptimizer.update": {
                                            "total": 4.397924300000014,
                                            "count": 96,