{"count":1,"self":154.2147072,"total":154.3696688,"children":{"InitializeActuators":{"count":33,"self":0.0027882,"total":0.0027882,"children":null},"InitializeSensors":{"count":33,"self":0.003152,"total":0.003152,"children":null},"AgentSendState":{"count":34,"self":0.0025269999999999997,"total":0.090517099999999989,"children":{"CollectObservations":{"count":231,"self":0.0014242999999999999,"total":0.0014242999999999999,"children":null},"WriteActionMask":{"count":231,"self":0.0010295,"total":0.0010295,"children":null},"RequestDecision":{"count":231,"self":0.012970299999999999,"total":0.0855363,"children":{"AgentInfo.ToProto":{"count":231,"self":0.0020458,"total":0.072565999999999992,"children":{"GenerateSensorData":{"count":231,"self":0.070520199999999991,"total":0.070520199999999991,"children":null}}}}}}},"DecideAction":{"count":34,"self":0.055558899999999994,"total":0.055558899999999994,"children":null},"AgentAct":{"count":34,"self":0.0029491,"total":0.0029491,"children":null}},"gauges":{},"metadata":{"timer_format_version":"0.1.0","start_time_seconds":"1732205958","unity_version":"6000.0.27f1","command_line_arguments":"C:\\Program Files\\Unity\\Hub\\Editor\\6000.0.27f1\\Editor\\Unity.exe -projectpath C:\\Users\\temuj\\AliUjinAyane -useHub -hubIPC -cloudEnvironment production","communication_protocol_version":"1.5.0","com.unity.ml-agents_version":"3.0.0","scene_name":"SampleScene","end_time_seconds":"1732206112"}}